state,rate
CA,70169
NY,30173
TX,24509
FL,20853
WA,18320
IL,17539
PA,15530
MA,13900
OR,12414
OH,12312
NJ,12251
CO,12078
MI,12070
VA,11136
AZ,10252
NC,9934
GA,9566
MD,9286
MN,8921
WI,6993
IN,6913
MO,6637
TN,6506
CT,4894
UT,4598
OK,4101
KY,4012
IA,3865
NM,3692
SC,3668
NH,3605
NV,3516
KS,3395
ME,3337
AL,3235
ID,3226
LA,2972
AR,2559
SD,2457
NE,2369
DC,2185
HI,1991
VT,1850
DE,1720
RI,1595
MT,1543
AK,1394
WV,1359
MS,1353
ND,864
VI,771
PR,657
WY,632
GU,61
PW,19
FM,10
AS,9
MH,8
MP,5
